"items","win_probs","worst_regret"
"Ejumula",0.42908937621762,0
"Naspot 13",0.15411849089702,0.295295436955672
"Kakamega",0.121453059573448,0.350773657596955
"Naspot 10 (Kabode)",0.0886275888357026,0.383564049715221
"Naspot 8",0.0968768598612235,0.387716198956438
"Naspot 12",0.109834624614985,0.427090489491351
