"labels","kendall","first","last"
"Taste",0.8,0.885714285714286,0.814285714285714
"Colour",-0.0301587301587302,0.273809523809524,0.180952380952381
