"labels","kendall","first","last"
"Taste",0.799043062200957,0.885167464114832,0.813397129186603
"Colour",-0.0318979266347687,0.270334928229665,0.181818181818182
